–‡‚ËÎ¸,2004693268,/hi
–‡‚ËÎ¸,2004693268,/time
–‡‚ËÎ¸,2004693268,/sum 12+2
–†–∞–≤–∏–ª—å,2004693268,/hi
–†–∞–≤–∏–ª—å,2004693268,/time
–†–∞–≤–∏–ª—å,2004693268,/sum
–†–∞–≤–∏–ª—å,2004693268,/time
–†–∞–≤–∏–ª—å,2004693268,/time
–†–∞–≤–∏–ª—å,2004693268,/help
–†–∞–≤–∏–ª—å,2004693268,/help
–†–∞–≤–∏–ª—å,2004693268,/hi
–†–∞–≤–∏–ª—å,2004693268,/help
–†–∞–≤–∏–ª—å,2004693268,/sum 7 7
–†–∞–≤–∏–ª—å,2004693268,/hi
–†–∞–≤–∏–ª—å,2004693268,/time
–†–∞–≤–∏–ª—å,2004693268,/sum 4 5
–†–∞–≤–∏–ª—å,2004693268,/help
–í–ª–∞–¥–∏–º–∏—Ä,1076412758,/help
–í–ª–∞–¥–∏–º–∏—Ä,1076412758,/hi
–†–∞–≤–∏–ª—å,2004693268,/hi
–†–∞–≤–∏–ª—å,2004693268,/vovan
–†–∞–≤–∏–ª—å,2004693268,/vovan
–†–∞–≤–∏–ª—å,2004693268,/vovan
–†–∞–≤–∏–ª—å,2004693268,/hi
–†–∞–≤–∏–ª—å,2004693268,/help
–†–∞–≤–∏–ª—å,2004693268,/hi
–†–∞–≤–∏–ª—å,2004693268,/help
–†–∞–≤–∏–ª—å,2004693268,/sum
–†–∞–≤–∏–ª—å,2004693268,/hi
–†–∞–≤–∏–ª—å,2004693268,/sum
–†–∞–≤–∏–ª—å,2004693268,/sum 55
–†–∞–≤–∏–ª—å,2004693268,/sum 4 4
